date,id,title,category,importance,curated,source
1950-03-15,1950-03-15-shannon-chess,"Claude Shannon publishes plan for a chess-playing computer",research,54,true,"https://en.wikipedia.org/wiki/Claude_Shannon"
1950-06-30,1950-06-30-wiener-human-use,"Norbert Wiener popularizes cybernetics for a general audience",culture,48,true,"https://en.wikipedia.org/wiki/The_Human_Use_of_Human_Beings"
1950-10-01,1950-10-01-turing-test,"Turing publishes 'Computing Machinery and Intelligence'",research,92,true,"https://en.wikipedia.org/wiki/Computing_Machinery_and_Intelligence"
1951-06-30,1951-06-30-snarc,"Minsky and Edmonds build SNARC, an early neural-net machine",research,39,true,"https://en.wikipedia.org/wiki/Stochastic_neural_analog_reinforcement_calculator"
1954-01-07,1954-01-07-georgetown-ibm,"Georgetown-IBM demo shows machine translation of Russian",research,52,true,"https://en.wikipedia.org/wiki/Georgetown%E2%80%93IBM_experiment"
1956-06-18,1956-06-18-dartmouth-workshop,"Dartmouth workshop founds artificial intelligence as a field",research,94,true,"https://en.wikipedia.org/wiki/Dartmouth_workshop"
1956-06-18,1956-06-18-dartmouth,"Dartmouth workshop founds the field of AI",research,92,true,"https://en.wikipedia.org/wiki/Dartmouth_workshop"
1956-06-30,1956-06-30-logic-theorist,"Newell and Simon demonstrate the Logic Theorist",research,66,true,"https://en.wikipedia.org/wiki/Logic_Theorist"
1957-06-30,1957-06-30-general-problem-solver,"Newell, Shaw, and Simon create the General Problem Solver",research,54,true,"https://en.wikipedia.org/wiki/General_Problem_Solver"
1958-06-30,1958-06-30-lisp,"John McCarthy creates the LISP programming language",research,72,true,"https://en.wikipedia.org/wiki/Lisp_(programming_language)"
1958-07-07,1958-07-07-perceptron,"Rosenblatt demonstrates the perceptron",research,75,true,"https://en.wikipedia.org/wiki/Perceptron"
1958-07-08,1958-07-08-perceptron,"Rosenblatt unveils the perceptron, a machine that learns",research,90,true,"https://en.wikipedia.org/wiki/Perceptron"
1958-10-15,1958-10-15-lisp,"McCarthy creates LISP",research,60,true,"https://en.wikipedia.org/wiki/Lisp_(programming_language)"
1959-06-30,1959-06-30-samuel-machine-learning,"Arthur Samuel's checkers program coins 'machine learning'",research,62,true,"https://en.wikipedia.org/wiki/Arthur_Samuel_(computer_scientist)"
1959-06-30,1959-06-30-mit-ai-lab,"McCarthy and Minsky start the MIT AI Project",business,50,true,"https://en.wikipedia.org/wiki/MIT_Computer_Science_and_Artificial_Intelligence_Laboratory"
1959-07-15,1959-07-15-samuel-checkers,"Samuel's checkers program learns from play",research,62,true,"https://en.wikipedia.org/wiki/Arthur_Samuel_(computer_scientist)"
1963-06-30,1963-06-30-project-mac,"DARPA funds Project MAC at MIT",policy,49,true,"https://en.wikipedia.org/wiki/MIT_Computer_Science_and_Artificial_Intelligence_Laboratory"
1965-04-19,1965-04-19-moores-law,"Gordon Moore predicts exponential growth in transistor counts",compute,78,true,"https://en.wikipedia.org/wiki/Moore%27s_law"
1965-06-30,1965-06-30-dendral,"Stanford launches DENDRAL, the first expert system project",research,56,true,"https://en.wikipedia.org/wiki/Dendral"
1965-06-30,1965-06-30-good-intelligence-explosion,"I. J. Good describes an 'intelligence explosion'",culture,48,true,"https://en.wikipedia.org/wiki/I._J._Good"
1966-01-15,1966-01-15-eliza,"Weizenbaum's ELIZA chatbot mimics a psychotherapist",research,67,true,"https://en.wikipedia.org/wiki/ELIZA"
1966-11-15,1966-11-15-alpac-report,"ALPAC report cuts US machine translation funding",policy,51,true,"https://en.wikipedia.org/wiki/ALPAC"
1968-04-02,1968-04-02-hal-9000,"'2001: A Space Odyssey' introduces HAL 9000",culture,45,true,"https://en.wikipedia.org/wiki/HAL_9000"
1969-06-15,1969-06-15-shakey,"Shakey the robot integrates perception and planning",research,58,true,"https://en.wikipedia.org/wiki/Shakey_the_robot"
1969-06-30,1969-06-30-shakey,"SRI demonstrates Shakey, the first reasoning mobile robot",research,57,true,"https://en.wikipedia.org/wiki/Shakey_the_robot"
1969-06-30,1969-06-30-perceptrons-book,"Minsky and Papert's 'Perceptrons' chills neural net research",research,70,true,"https://en.wikipedia.org/wiki/Perceptrons_(book)"
1969-08-15,1969-08-15-perceptrons-book,"Minsky & Papert's 'Perceptrons' chills neural nets",research,48,true,"https://en.wikipedia.org/wiki/Perceptrons_(book)"
1970-06-30,1970-06-30-shrdlu,"Winograd's SHRDLU understands language in a blocks world",research,53,true,"https://en.wikipedia.org/wiki/SHRDLU"
1972-06-30,1972-06-30-prolog,"Colmerauer and Roussel create Prolog",research,57,true,"https://en.wikipedia.org/wiki/Prolog"
1972-06-30,1972-06-30-mycin,"Stanford begins MYCIN, a medical diagnosis expert system",research,59,true,"https://en.wikipedia.org/wiki/Mycin"
1973-06-30,1973-06-30-lighthill-report,"Lighthill report triggers UK AI funding cuts",policy,62,true,"https://en.wikipedia.org/wiki/Lighthill_report"
1973-06-30,1973-06-30-lighthill,"Lighthill report triggers the first AI winter",policy,73,true,"https://en.wikipedia.org/wiki/Lighthill_report"
1974-06-30,1974-06-30-first-ai-winter,"First AI winter begins as DARPA scales back funding",policy,60,true,"https://en.wikipedia.org/wiki/AI_winter"
1976-06-30,1976-06-30-mycin,"MYCIN shows expert systems can match specialists",research,56,true,"https://en.wikipedia.org/wiki/Mycin"
1979-06-30,1979-06-30-stanford-cart,"Stanford Cart crosses a chair-filled room autonomously",research,46,true,"https://en.wikipedia.org/wiki/Stanford_Cart"
1980-01-15,1980-01-15-xcon,"DEC deploys XCON, first commercial expert system",business,46,true,"https://en.wikipedia.org/wiki/Xcon"
1980-06-30,1980-06-30-xcon,"DEC deploys XCON, the first big commercial expert system",business,59,true,"https://en.wikipedia.org/wiki/Xcon"
1980-08-15,1980-08-15-aaai-founded,"First AAAI conference convenes at Stanford",research,40,true,"https://en.wikipedia.org/wiki/Association_for_the_Advancement_of_Artificial_Intelligence"
1982-04-15,1982-04-15-fifth-generation-project,"Japan launches the Fifth Generation Computer Systems project",policy,55,true,"https://en.wikipedia.org/wiki/Fifth_Generation_Computer_Systems"
1982-04-15,1982-04-15-hopfield-network,"Hopfield publishes his associative memory network",research,63,true,"https://en.wikipedia.org/wiki/Hopfield_network"
1982-04-15,1982-04-15-fifth-gen,"Japan launches Fifth Generation Computer project",policy,58,true,"https://en.wikipedia.org/wiki/Fifth_Generation_Computer_Systems"
1982-04-30,1982-04-30-hopfield,"Hopfield networks revive neural computation",research,61,true,"https://en.wikipedia.org/wiki/Hopfield_network"
1984-06-30,1984-06-30-cyc,"Doug Lenat starts Cyc to hand-encode common sense",research,44,true,"https://en.wikipedia.org/wiki/Cyc"
1986-06-30,1986-06-30-pdp-volumes,"'Parallel Distributed Processing' volumes revive connectionism",research,52,true,"https://en.wikipedia.org/wiki/Connectionism"
1986-10-09,1986-10-09-backpropagation,"Rumelhart, Hinton, and Williams publish backpropagation",research,93,true,"https://www.nature.com/articles/323533a0"
1986-10-09,1986-10-09-backprop,"Backpropagation popularized in Nature",research,90,true,"https://www.nature.com/articles/323533a0"
1987-06-30,1987-06-30-second-ai-winter,"Lisp machine market collapses; second AI winter sets in",business,61,true,"https://en.wikipedia.org/wiki/AI_winter"
1987-10-15,1987-10-15-second-winter,"Lisp machine collapse starts second AI winter",business,72,true,"https://en.wikipedia.org/wiki/AI_winter"
1988-06-30,1988-06-30-pearl-probabilistic-reasoning,"Judea Pearl formalizes probabilistic reasoning in AI",research,61,true,"https://en.wikipedia.org/wiki/Judea_Pearl"
1989-06-30,1989-06-30-lecun-zipcodes,"LeCun trains a CNN to read handwritten ZIP codes",research,76,true,"https://en.wikipedia.org/wiki/LeNet"
1989-06-30,1989-06-30-q-learning,"Watkins introduces Q-learning",research,59,true,"https://en.wikipedia.org/wiki/Q-learning"
1989-10-22,1989-10-22-deep-thought,"Kasparov crushes Deep Thought",culture,40,true,"https://en.wikipedia.org/wiki/Deep_Thought_(chess_computer)"
1990-06-30,1990-06-30-ibm-statistical-mt,"IBM researchers pioneer statistical machine translation",research,59,true,"https://en.wikipedia.org/wiki/Statistical_machine_translation"
1992-06-30,1992-06-30-td-gammon,"Tesauro's TD-Gammon reaches expert backgammon via self-play",research,68,true,"https://en.wikipedia.org/wiki/TD-Gammon"
1993-06-30,1993-06-30-vinge-singularity,"Vernor Vinge publishes 'The Coming Technological Singularity'",culture,37,true,"https://en.wikipedia.org/wiki/Technological_singularity"
1995-07-15,1995-07-15-no-hands-across-america,"CMU's Navlab steers itself across the United States",research,47,true,"https://en.wikipedia.org/wiki/Navlab"
1995-09-15,1995-09-15-support-vector-machines,"Cortes and Vapnik publish support-vector networks",research,66,true,"https://en.wikipedia.org/wiki/Support_vector_machine"
1996-02-10,1996-02-10-deep-blue-game,"Deep Blue wins a game off Kasparov",culture,55,true,"https://en.wikipedia.org/wiki/Deep_Blue_versus_Garry_Kasparov"
1997-05-11,1997-05-11-deep-blue,"IBM's Deep Blue defeats world chess champion Kasparov",model,90,true,"https://en.wikipedia.org/wiki/Deep_Blue_versus_Garry_Kasparov"
1997-11-15,1997-11-15-lstm,"Hochreiter and Schmidhuber publish the LSTM",research,81,true,"https://en.wikipedia.org/wiki/Long_short-term_memory"
1998-09-04,1998-09-04-google-founded,"Google is founded",business,73,true,"https://en.wikipedia.org/wiki/Google"
1998-11-15,1998-11-15-lenet-5,"LeCun's LeNet-5 paper sets the CNN template",research,67,true,"https://en.wikipedia.org/wiki/LeNet"
1998-11-15,1998-11-15-lenet-mnist,"LeCun's LeNet reads checks with convolutions",research,57,true,"https://en.wikipedia.org/wiki/LeNet"
1999-05-11,1999-05-11-sony-aibo,"Sony launches AIBO, a consumer robot dog",product,43,true,"https://en.wikipedia.org/wiki/AIBO"
1999-05-11,1999-05-11-aibo,"Sony launches AIBO robot dog",product,38,true,"https://en.wikipedia.org/wiki/AIBO"
1999-10-11,1999-10-11-geforce-256,"NVIDIA ships the GeForce 256, marketed as the first GPU",compute,61,true,"https://en.wikipedia.org/wiki/GeForce_256"
2000-06-30,2000-06-30-kismet,"MIT's Kismet pioneers social robotics",research,37,true,"https://en.wikipedia.org/wiki/Kismet_(robot)"
2000-10-31,2000-10-31-honda-asimo,"Honda unveils the ASIMO humanoid robot",product,47,true,"https://en.wikipedia.org/wiki/ASIMO"
2000-10-31,2000-10-31-asimo,"Honda unveils ASIMO humanoid",product,42,true,"https://en.wikipedia.org/wiki/ASIMO"
2001-06-29,2001-06-29-spielberg-ai-movie,"Spielberg's 'A.I. Artificial Intelligence' opens",culture,34,true,"https://en.wikipedia.org/wiki/A.I._Artificial_Intelligence"
2001-10-15,2001-10-15-random-forests,"Breiman publishes random forests",research,59,true,"https://en.wikipedia.org/wiki/Random_forest"
2002-06-30,2002-06-30-torch-library,"Torch machine learning library released",research,40,true,"https://en.wikipedia.org/wiki/Torch_(machine_learning)"
2002-09-15,2002-09-15-roomba,"iRobot launches the Roomba",product,51,true,"https://en.wikipedia.org/wiki/Roomba"
2003-02-15,2003-02-15-neural-probabilistic-lm,"Bengio publishes the neural probabilistic language model",research,69,true,"https://www.jmlr.org/papers/v3/bengio03a.html"
2004-03-13,2004-03-13-darpa-grand-challenge,"First DARPA Grand Challenge ends with no finishers",research,51,true,"https://en.wikipedia.org/wiki/DARPA_Grand_Challenge_(2004)"
2004-11-15,2004-11-15-sift,"Lowe's SIFT features anchor pre-deep-learning vision",research,53,true,"https://en.wikipedia.org/wiki/Scale-invariant_feature_transform"
2004-12-06,2004-12-06-mapreduce,"Google publishes MapReduce",compute,57,true,"https://en.wikipedia.org/wiki/MapReduce"
2005-06-30,2005-06-30-bigdog,"Boston Dynamics reveals BigDog",research,46,true,"https://en.wikipedia.org/wiki/BigDog"
2005-09-22,2005-09-22-singularity-is-near,"Kurzweil publishes 'The Singularity Is Near'",culture,42,true,"https://en.wikipedia.org/wiki/The_Singularity_Is_Near"
2005-10-08,2005-10-08-stanley-grand-challenge,"Stanford's Stanley wins the DARPA Grand Challenge",research,68,true,"https://en.wikipedia.org/wiki/DARPA_Grand_Challenge_(2005)"
2005-10-08,2005-10-08-darpa-grand,"Stanley wins the DARPA Grand Challenge",research,65,true,"https://en.wikipedia.org/wiki/DARPA_Grand_Challenge_(2005)"
2005-11-02,2005-11-02-mechanical-turk,"Amazon launches Mechanical Turk",business,47,true,"https://en.wikipedia.org/wiki/Amazon_Mechanical_Turk"
2006-04-28,2006-04-28-google-translate,"Google launches statistical machine translation",product,59,true,"https://en.wikipedia.org/wiki/Google_Translate"
2006-07-15,2006-07-15-deep-belief-nets,"Hinton's deep belief nets revive deep learning",research,70,true,"https://en.wikipedia.org/wiki/Deep_belief_network"
2006-07-15,2006-07-15-deep-belief,"Hinton's deep belief nets make deep learning trainable",research,66,true,"https://en.wikipedia.org/wiki/Deep_belief_network"
2006-08-25,2006-08-25-aws-ec2,"Amazon launches EC2, opening the cloud computing era",compute,63,true,"https://en.wikipedia.org/wiki/Amazon_Elastic_Compute_Cloud"
2006-10-02,2006-10-02-netflix-prize,"Netflix announces $1M prize for a better recommender",business,54,true,"https://en.wikipedia.org/wiki/Netflix_Prize"
2007-06-15,2007-06-15-cuda,"NVIDIA releases CUDA",compute,76,true,"https://en.wikipedia.org/wiki/CUDA"
2007-06-23,2007-06-23-cuda,"NVIDIA releases CUDA for general-purpose GPU computing",compute,76,true,"https://en.wikipedia.org/wiki/CUDA"
2007-07-19,2007-07-19-checkers-solved,"Checkers is solved",research,46,true,"https://en.wikipedia.org/wiki/Chinook_(computer_program)"
2007-11-03,2007-11-03-darpa-urban-challenge,"CMU's Boss wins the DARPA Urban Challenge",research,55,true,"https://en.wikipedia.org/wiki/DARPA_Grand_Challenge_(2007)"
2009-06-14,2009-06-14-gpu-deep-learning,"Stanford paper shows GPUs speed deep learning 70x",research,56,true,"https://dl.acm.org/doi/10.1145/1553374.1553486"
2009-06-20,2009-06-20-imagenet,"Fei-Fei Li's ImageNet dataset debuts at CVPR",research,83,true,"https://en.wikipedia.org/wiki/ImageNet"
2009-09-21,2009-09-21-netflix-prize-won,"BellKor team wins the Netflix Prize",business,48,true,"https://en.wikipedia.org/wiki/Netflix_Prize"
2010-04-15,2010-04-15-kaggle,"Kaggle launches machine learning competitions",business,44,true,"https://en.wikipedia.org/wiki/Kaggle"
2010-06-30,2010-06-30-ilsvrc-begins,"First ImageNet Large Scale Visual Recognition Challenge",research,53,true,"https://en.wikipedia.org/wiki/ImageNet"
2010-09-23,2010-09-23-deepmind-founded,"DeepMind is founded in London",business,72,true,"https://en.wikipedia.org/wiki/DeepMind"
2010-10-09,2010-10-09-google-self-driving,"Google reveals its self-driving car project",business,67,true,"https://en.wikipedia.org/wiki/Waymo"
2010-11-04,2010-11-04-kinect,"Microsoft ships Kinect, mass-market computer vision",product,51,true,"https://en.wikipedia.org/wiki/Kinect"
2011-02-16,2011-02-16-watson-jeopardy,"IBM Watson defeats Jeopardy! champions",model,78,true,"https://en.wikipedia.org/wiki/IBM_Watson"
2011-02-16,2011-02-16-watson,"IBM Watson wins Jeopardy!",culture,78,true,"https://en.wikipedia.org/wiki/IBM_Watson"
2011-04-14,2011-04-14-relu-paper,"Glorot, Bordes, and Bengio establish ReLU activations",research,60,true,"https://proceedings.mlr.press/v15/glorot11a.html"
2011-06-30,2011-06-30-google-brain,"Jeff Dean and Andrew Ng start Google Brain",business,71,true,"https://en.wikipedia.org/wiki/Google_Brain"
2011-08-06,2011-08-06-ciresan-gpu-cnn,"GPU-trained CNN wins traffic sign recognition contest",research,49,true,"https://en.wikipedia.org/wiki/Dan_Ciresan"
2011-08-31,2011-08-31-dnn-speech,"Deep networks break through in speech recognition",research,67,true,"https://en.wikipedia.org/wiki/Deep_learning_speech_synthesis"
2011-10-04,2011-10-04-siri,"Apple launches Siri on the iPhone 4S",product,68,true,"https://en.wikipedia.org/wiki/Siri"
2012-06-25,2012-06-25-google-cat-neurons,"Google Brain network teaches itself to recognize cats",research,58,true,"https://arxiv.org/abs/1112.6209"
2012-09-30,2012-09-30-alexnet,"AlexNet wins ImageNet — deep learning era begins",research,95,true,"https://en.wikipedia.org/wiki/AlexNet"
2013-01-16,2013-01-16-word2vec,"word2vec turns words into arithmetic",research,72,true,"https://en.wikipedia.org/wiki/Word2vec"
2014-01-26,2014-01-26-deepmind-acq,"Google buys DeepMind for ~$500M",business,78,true,"https://en.wikipedia.org/wiki/DeepMind"
2014-06-10,2014-06-10-gans,"Goodfellow introduces GANs",research,79,true,"https://arxiv.org/abs/1406.2661"
2014-09-04,2014-09-04-vgg,"VGGNet shows depth is what matters in CNNs",research,58,true,"https://arxiv.org/abs/1409.1556"
2014-09-10,2014-09-10-seq2seq,"Sequence-to-sequence learning maps sentences to sentences",research,71,true,"https://arxiv.org/abs/1409.3215"
2014-09-17,2014-09-17-inception-googlenet,"GoogLeNet's Inception modules win ImageNet 2014",research,58,true,"https://arxiv.org/abs/1409.4842"
2014-11-06,2014-11-06-alexa,"Amazon announces Echo and Alexa",product,62,true,"https://en.wikipedia.org/wiki/Amazon_Alexa"
2014-12-22,2014-12-22-adam-optimizer,"Adam optimizer published",research,64,true,"https://arxiv.org/abs/1412.6980"
2015-01-11,2015-01-11-fli-open-letter,"Musk, Hawking sign open letter urging safe AI research",policy,44,true,"https://en.wikipedia.org/wiki/Future_of_Life_Institute"
2015-02-25,2015-02-25-dqn-nature,"DeepMind's DQN masters Atari games from raw pixels",research,73,true,"https://www.nature.com/articles/nature14236"
2015-06-17,2015-06-17-deepdream,"Google's DeepDream turns neural nets psychedelic",culture,46,true,"https://en.wikipedia.org/wiki/DeepDream"
2015-10-14,2015-10-14-autopilot,"Tesla ships Autopilot over the air",product,63,true,"https://en.wikipedia.org/wiki/Tesla_Autopilot"
2015-11-09,2015-11-09-tensorflow,"Google open-sources TensorFlow",research,74,true,"https://en.wikipedia.org/wiki/TensorFlow"
2015-12-10,2015-12-10-resnet,"ResNet makes very deep networks trainable",research,76,true,"https://arxiv.org/abs/1512.03385"
2015-12-11,2015-12-11-openai-founded,"OpenAI founded with $1B pledge",business,85,true,"https://en.wikipedia.org/wiki/OpenAI"
2016-01-27,2016-01-27-alphago-fan-hui,"AlphaGo beats a professional Go player, stunning the field",research,66,true,"https://www.nature.com/articles/nature16961"
2016-03-15,2016-03-15-alphago,"AlphaGo defeats Lee Sedol 4–1",culture,93,true,"https://en.wikipedia.org/wiki/AlphaGo_versus_Lee_Sedol"
2016-03-23,2016-03-23-tay-chatbot,"Microsoft's Tay chatbot turns toxic within 24 hours",culture,46,true,"https://en.wikipedia.org/wiki/Tay_(chatbot)"
2016-04-27,2016-04-27-openai-gym,"OpenAI releases Gym, a standard RL benchmark toolkit",research,48,true,"https://arxiv.org/abs/1606.01540"
2016-05-18,2016-05-18-tpu-announced,"Google reveals the TPU, its custom AI chip",compute,70,true,"https://en.wikipedia.org/wiki/Tensor_Processing_Unit"
2016-09-27,2016-09-27-google-neural-translation,"Google switches Translate to neural machine translation",product,70,true,"https://arxiv.org/abs/1609.08144"
2017-01-18,2017-01-18-pytorch,"PyTorch released",research,72,true,"https://en.wikipedia.org/wiki/PyTorch"
2017-01-31,2017-01-31-libratus-poker,"Libratus crushes top pros at no-limit poker",research,55,true,"https://en.wikipedia.org/wiki/Libratus"
2017-06-12,2017-06-12-transformer,"'Attention Is All You Need' — the Transformer",research,96,true,"https://arxiv.org/abs/1706.03762"
2017-07-20,2017-07-20-china-ai-plan,"China sets national goal of AI leadership by 2030",policy,64,true,"https://en.wikipedia.org/wiki/Artificial_intelligence_industry_in_China"
2017-08-11,2017-08-11-openai-dota-1v1,"OpenAI bot beats Dendi 1v1 at Dota 2's The International",research,48,true,"https://en.wikipedia.org/wiki/OpenAI_Five"
2017-10-18,2017-10-18-alphago-zero,"AlphaGo Zero learns Go from scratch, beats AlphaGo 100-0",research,70,true,"https://www.nature.com/articles/nature24270"
2017-12-05,2017-12-05-alphazero,"AlphaZero masters chess, shogi and Go from scratch",research,77,true,"https://en.wikipedia.org/wiki/AlphaZero"
2017-12-11,2017-12-11-deepfakes-emerge,"'Deepfakes' surface on Reddit",culture,62,true,"https://en.wikipedia.org/wiki/Deepfake"
2018-01-18,2018-01-18-ulmfit,"ULMFiT brings transfer learning to NLP",research,45,true,"https://arxiv.org/abs/1801.06146"
2018-02-15,2018-02-15-elmo,"ELMo introduces deep contextual word embeddings",research,49,true,"https://arxiv.org/abs/1802.05365"
2018-03-18,2018-03-18-uber-av-fatality,"Uber self-driving car kills pedestrian in Arizona",policy,58,true,"https://en.wikipedia.org/wiki/Death_of_Elaine_Herzberg"
2018-05-08,2018-05-08-google-duplex,"Google Duplex makes eerily human phone calls",product,48,true,"https://en.wikipedia.org/wiki/Google_Duplex"
2018-05-25,2018-05-25-gdpr,"GDPR takes effect, constraining data and automated decisions",policy,61,true,"https://en.wikipedia.org/wiki/General_Data_Protection_Regulation"
2018-06-11,2018-06-11-gpt1,"OpenAI releases GPT-1",model,68,true,"https://en.wikipedia.org/wiki/GPT-1"
2018-10-11,2018-10-11-bert,"Google's BERT sweeps NLP benchmarks",model,80,true,"https://arxiv.org/abs/1810.04805"
2018-12-02,2018-12-02-alphafold1-casp13,"AlphaFold wins its first CASP protein-folding contest",research,71,true,"https://en.wikipedia.org/wiki/AlphaFold"
2018-12-12,2018-12-12-stylegan,"NVIDIA's StyleGAN generates photorealistic fake faces",research,58,true,"https://arxiv.org/abs/1812.04948"
2019-01-24,2019-01-24-alphastar,"AlphaStar beats pros at StarCraft II",research,58,true,"https://en.wikipedia.org/wiki/AlphaStar_(software)"
2019-02-14,2019-02-14-gpt2,"GPT-2: coherent open-ended text generation",model,82,true,"https://en.wikipedia.org/wiki/GPT-2"
2019-03-11,2019-03-11-openai-lp,"OpenAI creates 'capped-profit' OpenAI LP",business,52,true,"https://en.wikipedia.org/wiki/OpenAI"
2019-04-13,2019-04-13-openai-five,"OpenAI Five defeats Dota 2 world champions",research,60,true,"https://en.wikipedia.org/wiki/OpenAI_Five"
2019-07-22,2019-07-22-msft-openai,"Microsoft invests $1B in OpenAI",business,79,true,"https://en.wikipedia.org/wiki/OpenAI"
2019-10-23,2019-10-23-t5,"Google's T5 frames every NLP task as text-to-text",research,58,true,"https://arxiv.org/abs/1910.10683"
2019-11-05,2019-11-05-gpt2-full-release,"OpenAI releases full GPT-2 after staged rollout",model,48,true,"https://en.wikipedia.org/wiki/GPT-2"
2020-01-23,2020-01-23-scaling-laws,"Kaplan et al. publish neural scaling laws",research,84,true,"https://arxiv.org/abs/2001.08361"
2020-02-13,2020-02-13-simclr,"SimCLR shows self-supervised learning rivals labels",research,46,true,"https://arxiv.org/abs/2002.05709"
2020-05-14,2020-05-14-nvidia-a100,"NVIDIA launches the A100 GPU",compute,66,true,"https://en.wikipedia.org/wiki/Ampere_(microarchitecture)"
2020-05-28,2020-05-28-gpt3,"GPT-3: few-shot learning at 175B parameters",model,94,true,"https://arxiv.org/abs/2005.14165"
2020-06-11,2020-06-11-openai-api,"OpenAI opens its API, turning GPT-3 into a platform",product,70,true,"https://en.wikipedia.org/wiki/GPT-3"
2020-10-08,2020-10-08-waymo-driverless,"Waymo opens fully driverless rides to the public",product,64,true,"https://en.wikipedia.org/wiki/Waymo"
2020-10-22,2020-10-22-vision-transformer,"Vision Transformer brings Transformers to images",research,71,true,"https://arxiv.org/abs/2010.11929"
2020-11-30,2020-11-30-alphafold2,"AlphaFold 2 solves protein structure prediction",research,91,true,"https://en.wikipedia.org/wiki/AlphaFold"
2020-12-03,2020-12-03-gebru-google,"Timnit Gebru's exit from Google ignites AI ethics storm",culture,48,true,"https://en.wikipedia.org/wiki/Timnit_Gebru"
2021-01-05,2021-01-05-clip,"OpenAI's CLIP links images and text at scale",research,74,true,"https://arxiv.org/abs/2103.00020"
2021-01-05,2021-01-05-dalle,"OpenAI reveals DALL·E",model,66,true,"https://en.wikipedia.org/wiki/DALL-E"
2021-04-21,2021-04-21-eu-ai-act-proposal,"European Commission proposes the AI Act",policy,58,true,"https://en.wikipedia.org/wiki/Artificial_Intelligence_Act"
2021-05-28,2021-05-28-anthropic,"Anthropic launches with $124M",business,76,true,"https://en.wikipedia.org/wiki/Anthropic"
2021-06-09,2021-06-09-gptj,"EleutherAI releases GPT-J openly",model,45,true,"https://en.wikipedia.org/wiki/GPT-J"
2021-06-29,2021-06-29-copilot,"GitHub Copilot previews AI pair programming",product,77,true,"https://en.wikipedia.org/wiki/GitHub_Copilot"
2021-08-10,2021-08-10-openai-codex,"OpenAI releases Codex, the model behind Copilot",model,60,true,"https://en.wikipedia.org/wiki/OpenAI_Codex"
2021-08-16,2021-08-16-foundation-models,"Stanford coins 'foundation models'",research,55,true,"https://arxiv.org/abs/2108.07258"
2022-01-27,2022-01-27-instructgpt,"InstructGPT shows RLHF makes models follow instructions",research,73,true,"https://arxiv.org/abs/2203.02155"
2022-01-28,2022-01-28-chain-of-thought,"Chain-of-thought prompting unlocks LLM reasoning",research,70,true,"https://arxiv.org/abs/2201.11903"
2022-02-02,2022-02-02-alphacode,"DeepMind's AlphaCode reaches median-human competitive coding",research,56,true,"https://arxiv.org/abs/2203.07814"
2022-03-22,2022-03-22-nvidia-h100,"NVIDIA announces the H100 GPU with a Transformer Engine",compute,73,true,"https://en.wikipedia.org/wiki/Hopper_(microarchitecture)"
2022-03-29,2022-03-29-chinchilla,"Chinchilla rewrites compute-optimal scaling",research,72,true,"https://arxiv.org/abs/2203.15556"
2022-04-04,2022-04-04-palm,"Google's PaLM shows emergent reasoning at 540B",model,67,true,"https://arxiv.org/abs/2204.02311"
2022-04-06,2022-04-06-dalle2,"DALL·E 2 makes AI art mainstream",model,76,true,"https://en.wikipedia.org/wiki/DALL-E"
2022-04-29,2022-04-29-flamingo,"DeepMind's Flamingo pioneers few-shot multimodal chat",research,46,true,"https://arxiv.org/abs/2204.14198"
2022-05-12,2022-05-12-gato,"DeepMind's Gato: one network for 600+ tasks",research,46,true,"https://arxiv.org/abs/2205.06175"
2022-05-23,2022-05-23-imagen,"Google's Imagen raises the bar for text-to-image",research,55,true,"https://arxiv.org/abs/2205.11487"
2022-06-06,2022-06-06-dalle-mini-viral,"DALL-E mini memes flood the internet",culture,45,true,"https://en.wikipedia.org/wiki/Craiyon"
2022-06-11,2022-06-11-lamda-sentience,"Google engineer claims LaMDA chatbot is sentient",culture,54,true,"https://en.wikipedia.org/wiki/LaMDA"
2022-06-29,2022-06-29-minerva,"Google's Minerva solves university-level math problems",research,43,true,"https://arxiv.org/abs/2206.14858"
2022-07-12,2022-07-12-midjourney,"Midjourney opens its beta",product,66,true,"https://en.wikipedia.org/wiki/Midjourney"
2022-08-09,2022-08-09-chips-act,"US CHIPS and Science Act signed into law",policy,61,true,"https://en.wikipedia.org/wiki/CHIPS_and_Science_Act"
2022-08-22,2022-08-22-stable-diffusion,"Stable Diffusion releases open weights",model,81,true,"https://en.wikipedia.org/wiki/Stable_Diffusion"
2022-09-16,2022-09-16-characterai,"Character.ai opens AI companions to the public",product,44,true,"https://en.wikipedia.org/wiki/Character.ai"
2022-09-21,2022-09-21-whisper,"OpenAI open-sources Whisper speech recognition",model,56,true,"https://en.wikipedia.org/wiki/Whisper_(speech_recognition_system)"
2022-10-07,2022-10-07-chip-export-controls,"US bans exports of advanced AI chips to China",policy,72,true,"https://en.wikipedia.org/wiki/United_States_New_Export_Controls_on_Advanced_Computing_and_Semiconductors_to_China"
2022-11-22,2022-11-22-cicero-diplomacy,"Meta's Cicero plays Diplomacy at human level",research,57,true,"https://www.science.org/doi/10.1126/science.ade9097"
2022-11-30,2022-11-30-chatgpt,"OpenAI launches ChatGPT",product,99,true,"https://en.wikipedia.org/wiki/ChatGPT"
2023-01-23,2023-01-23-microsoft-openai-10b,"Microsoft invests a reported $10B in OpenAI",business,76,true,"https://blogs.microsoft.com/blog/2023/01/23/microsoftandopenaiextendpartnership/"
2023-02-01,2023-02-01-chatgpt-100m-users,"ChatGPT hits 100M users, fastest-growing app ever",business,74,true,"https://en.wikipedia.org/wiki/ChatGPT"
2023-02-07,2023-02-07-bing-sydney,"Microsoft launches Bing Chat; 'Sydney' goes rogue",product,62,true,"https://en.wikipedia.org/wiki/Microsoft_Copilot"
2023-02-24,2023-02-24-llama1,"Meta's LLaMA weights leak within a week",model,69,true,"https://en.wikipedia.org/wiki/Llama_(language_model)"
2023-03-01,2023-03-01-chatgpt-api,"ChatGPT API launches at 10x lower price",product,71,true,"https://openai.com/index/introducing-chatgpt-and-whisper-apis/"
2023-03-14,2023-03-14-gpt4,"GPT-4: expert-level breadth arrives",model,96,true,"https://en.wikipedia.org/wiki/GPT-4"
2023-03-21,2023-03-21-bard,"Google rushes out Bard",product,58,true,"https://en.wikipedia.org/wiki/Gemini_(chatbot)"
2023-03-22,2023-03-22-pause-letter,"'Pause giant AI experiments' open letter",policy,58,true,"https://en.wikipedia.org/wiki/Pause_Giant_AI_Experiments"
2023-03-30,2023-03-30-autogpt,"AutoGPT sparks the agent craze",culture,55,true,"https://en.wikipedia.org/wiki/AutoGPT"
2023-05-01,2023-05-01-hinton-leaves-google,"Geoffrey Hinton quits Google to warn about AI risk",culture,62,true,"https://en.wikipedia.org/wiki/Geoffrey_Hinton"
2023-05-11,2023-05-11-claude-100k-context,"Anthropic expands Claude to a 100K-token context window",model,58,true,"https://www.anthropic.com/news/100k-context-windows"
2023-05-16,2023-05-16-altman-senate,"Sam Altman testifies to Congress: 'license AI models'",policy,50,true,"https://en.wikipedia.org/wiki/Sam_Altman"
2023-05-30,2023-05-30-extinction-statement,"AI leaders sign one-sentence extinction-risk statement",policy,54,true,"https://en.wikipedia.org/wiki/Statement_on_AI_risk_of_extinction"
2023-05-30,2023-05-30-nvda-1t,"NVIDIA joins the $1 trillion club",business,77,true,"https://en.wikipedia.org/wiki/Nvidia"
2023-07-11,2023-07-11-claude2,"Anthropic releases Claude 2",model,58,true,"https://en.wikipedia.org/wiki/Claude_(language_model)"
2023-07-12,2023-07-12-xai,"Musk founds xAI",business,55,true,"https://en.wikipedia.org/wiki/XAI_(company)"
2023-07-18,2023-07-18-llama2,"Llama 2 open-weights with commercial license",model,80,true,"https://en.wikipedia.org/wiki/Llama_(language_model)"
2023-09-25,2023-09-25-gpt4-vision-voice,"ChatGPT gains vision and voice with GPT-4V",model,65,true,"https://openai.com/index/chatgpt-can-now-see-hear-and-speak/"
2023-09-27,2023-09-27-wga-ai-protections,"Hollywood writers win first AI contract protections",culture,48,true,"https://en.wikipedia.org/wiki/2023_Writers_Guild_of_America_strike"
2023-09-27,2023-09-27-mistral,"Mistral 7B punches above its weight",model,60,true,"https://en.wikipedia.org/wiki/Mistral_AI"
2023-10-30,2023-10-30-biden-eo,"Biden signs sweeping AI executive order",policy,64,true,"https://en.wikipedia.org/wiki/Executive_Order_14110"
2023-11-01,2023-11-01-bletchley,"Bletchley Park AI Safety Summit",policy,66,true,"https://en.wikipedia.org/wiki/AI_Safety_Summit"
2023-11-04,2023-11-04-grok-1,"xAI announces Grok, a 'rebellious' chatbot for X",model,47,true,"https://en.wikipedia.org/wiki/Grok_(chatbot)"
2023-11-06,2023-11-06-openai-devday-gpts,"OpenAI DevDay: GPT-4 Turbo, GPTs, and an app-store play",product,60,true,"https://openai.com/index/new-models-and-developer-products-announced-at-devday/"
2023-11-17,2023-11-17-altman-fired,"OpenAI board fires Altman — then rehires him",business,80,true,"https://en.wikipedia.org/wiki/Removal_of_Sam_Altman_from_OpenAI"
2023-11-22,2023-11-22-qstar-rumors,"'Q*' breakthrough rumors swirl after Altman's return",culture,46,true,"https://en.wikipedia.org/wiki/Removal_of_Sam_Altman_from_OpenAI"
2023-12-06,2023-12-06-gemini,"Google launches Gemini 1.0",model,76,true,"https://en.wikipedia.org/wiki/Gemini_(language_model)"
2023-12-07,2023-12-07-gemini-demo-controversy,"Google's Gemini launch video revealed as staged",culture,46,true,"https://en.wikipedia.org/wiki/Gemini_(language_model)"
2023-12-11,2023-12-11-mixtral-moe,"Mistral's Mixtral 8x7B open-sources mixture-of-experts",model,55,true,"https://mistral.ai/news/mixtral-of-experts/"
2023-12-27,2023-12-27-nyt-sues-openai,"New York Times sues OpenAI and Microsoft over training data",policy,62,true,"https://en.wikipedia.org/wiki/The_New_York_Times_Co._v._Microsoft_Corp."
2024-02-01,2024-02-01-olmo-ai2,"AI2 releases OLMo with fully open training data and code",research,41,true,"https://arxiv.org/abs/2402.00838"
2024-02-15,2024-02-15-sora,"OpenAI previews Sora text-to-video",model,69,true,"https://en.wikipedia.org/wiki/Sora_(text-to-video_model)"
2024-02-19,2024-02-19-groq-lpu,"Groq's LPU goes viral with near-instant LLM inference",compute,47,true,"https://en.wikipedia.org/wiki/Groq"
2024-02-23,2024-02-23-nvda-2t,"NVIDIA passes $2 trillion",business,62,true,"https://en.wikipedia.org/wiki/Nvidia"
2024-02-29,2024-02-29-figure-raise,"Figure raises $675M from OpenAI, Microsoft, NVIDIA, Bezos",business,48,true,"https://en.wikipedia.org/wiki/Figure_AI"
2024-03-04,2024-03-04-claude3,"Claude 3 Opus matches GPT-4",model,74,true,"https://en.wikipedia.org/wiki/Claude_(language_model)"
2024-03-12,2024-03-12-devin,"Cognition demos Devin, 'AI software engineer'",product,47,true,"https://en.wikipedia.org/wiki/Devin_AI"
2024-03-13,2024-03-13-eu-ai-act,"EU Parliament passes the AI Act",policy,75,true,"https://en.wikipedia.org/wiki/Artificial_Intelligence_Act"
2024-03-18,2024-03-18-nvidia-blackwell,"NVIDIA unveils Blackwell, the GB200 era begins",compute,70,true,"https://en.wikipedia.org/wiki/Blackwell_(microarchitecture)"
2024-03-21,2024-03-21-suno-v3,"Suno v3 makes full AI songs from a text prompt",product,45,true,"https://en.wikipedia.org/wiki/Suno_AI"
2024-03-27,2024-03-27-amazon-anthropic-4b,"Amazon completes $4B investment in Anthropic",business,57,true,"https://en.wikipedia.org/wiki/Anthropic"
2024-04-18,2024-04-18-llama3,"Meta releases Llama 3, open weights near GPT-4 class",model,70,true,"https://ai.meta.com/blog/meta-llama-3/"
2024-05-13,2024-05-13-gpt4o,"GPT-4o: real-time voice and vision",model,68,true,"https://en.wikipedia.org/wiki/GPT-4o"
2024-05-14,2024-05-14-ai-overviews,"Google launches AI Overviews; 'glue on pizza' follows",product,57,true,"https://en.wikipedia.org/wiki/AI_Overviews"
2024-05-17,2024-05-17-superalignment-dissolves,"OpenAI superalignment team dissolves as leaders quit",business,52,true,"https://en.wikipedia.org/wiki/Ilya_Sutskever"
2024-06-05,2024-06-05-nvda-3t,"NVIDIA passes $3 trillion",business,64,true,"https://en.wikipedia.org/wiki/Nvidia"
2024-06-10,2024-06-10-apple-intelligence,"Apple announces Apple Intelligence",product,55,true,"https://en.wikipedia.org/wiki/Apple_Intelligence"
2024-06-18,2024-06-18-nvda-most-valuable,"NVIDIA becomes world's most valuable company",business,84,true,"https://en.wikipedia.org/wiki/Nvidia"
2024-06-19,2024-06-19-ssi-founded,"Ilya Sutskever founds Safe Superintelligence Inc.",business,48,true,"https://ssi.inc"
2024-06-20,2024-06-20-claude35,"Claude 3.5 Sonnet leads coding benchmarks",model,66,true,"https://en.wikipedia.org/wiki/Claude_(language_model)"
2024-07-18,2024-07-18-gpt4o-mini,"GPT-4o mini makes frontier-adjacent AI nearly free",model,45,true,"https://openai.com/index/gpt-4o-mini-advancing-cost-efficient-intelligence/"
2024-07-23,2024-07-23-llama31,"Llama 3.1 405B: open weights reach the frontier",model,67,true,"https://en.wikipedia.org/wiki/Llama_(language_model)"
2024-08-01,2024-08-01-eu-ai-act-in-force,"EU AI Act enters into force",policy,55,true,"https://en.wikipedia.org/wiki/Artificial_Intelligence_Act"
2024-08-20,2024-08-20-waymo-100k-rides,"Waymo tops 100,000 paid driverless rides per week",product,59,true,"https://en.wikipedia.org/wiki/Waymo"
2024-09-02,2024-09-02-xai-colossus,"xAI brings 100,000-GPU Colossus cluster online",compute,64,true,"https://en.wikipedia.org/wiki/Colossus_(supercomputer)"
2024-09-12,2024-09-12-o1,"OpenAI o1: reasoning-time scaling arrives",model,91,true,"https://en.wikipedia.org/wiki/OpenAI_o1"
2024-09-20,2024-09-20-three-mile-island,"Microsoft deal will restart Three Mile Island for AI power",compute,56,true,"https://en.wikipedia.org/wiki/Three_Mile_Island_Nuclear_Generating_Station"
2024-10-02,2024-10-02-openai-157b-round,"OpenAI raises $6.6B at a $157B valuation",business,58,true,"https://en.wikipedia.org/wiki/OpenAI"
2024-10-08,2024-10-08-nobel-physics,"Hinton and Hopfield win the physics Nobel",culture,72,true,"https://en.wikipedia.org/wiki/Geoffrey_Hinton"
2024-10-09,2024-10-09-nobel-chemistry,"AlphaFold team wins the chemistry Nobel",culture,78,true,"https://en.wikipedia.org/wiki/AlphaFold"
2024-10-22,2024-10-22-computer-use,"Claude gets computer use",model,64,true,"https://en.wikipedia.org/wiki/Claude_(language_model)"
2024-10-31,2024-10-31-chatgpt-search,"OpenAI launches ChatGPT Search",product,56,true,"https://openai.com/index/introducing-chatgpt-search/"
2024-11-25,2024-11-25-mcp,"Anthropic open-sources Model Context Protocol",research,66,true,"https://en.wikipedia.org/wiki/Model_Context_Protocol"
2024-12-05,2024-12-05-chatgpt-pro,"OpenAI debuts $200/month ChatGPT Pro with o1 pro mode",product,46,true,"https://openai.com/index/introducing-chatgpt-pro/"
2024-12-11,2024-12-11-gemini-2-agentic,"Google launches Gemini 2.0 'for the agentic era'",model,59,true,"https://en.wikipedia.org/wiki/Gemini_(language_model)"
2024-12-20,2024-12-20-o3-arc,"o3 breaks ARC-AGI and FrontierMath",model,82,true,"https://arcprize.org/blog/oai-o3-pub-breakthrough"
2024-12-26,2024-12-26-deepseek-v3,"DeepSeek V3 trained for ~$6M",model,63,true,"https://en.wikipedia.org/wiki/DeepSeek"
2025-01-21,2025-01-21-stargate,"Stargate: $500B AI infrastructure venture",compute,84,true,"https://en.wikipedia.org/wiki/Stargate_LLC"
2025-01-23,2025-01-23-openai-operator,"OpenAI launches Operator, its browser-using agent",product,58,true,"https://openai.com/index/introducing-operator/"
2025-01-27,2025-01-27-deepseek-r1,"DeepSeek R1 triggers a $1T market rout",business,90,true,"https://en.wikipedia.org/wiki/DeepSeek"
2025-02-02,2025-02-02-deep-research,"OpenAI ships Deep Research, agentic multi-step research",product,64,true,"https://openai.com/index/introducing-deep-research/"
2025-02-24,2025-02-24-claude-code,"Claude 3.7 + Claude Code ship agentic coding",product,70,true,"https://en.wikipedia.org/wiki/Claude_(language_model)"
2025-02-27,2025-02-27-gpt-45,"OpenAI releases GPT-4.5, its last non-reasoning flagship",model,52,true,"https://openai.com/index/introducing-gpt-4-5/"
2025-03-03,2025-03-03-tsmc-100b-us,"TSMC announces $100B expansion of US chip plants",compute,59,true,"https://en.wikipedia.org/wiki/TSMC"
2025-03-06,2025-03-06-manus-agent,"China's Manus agent sparks invite-code frenzy",culture,43,true,"https://en.wikipedia.org/wiki/Manus_(AI_agent)"
2025-03-19,2025-03-19-metr-horizons,"METR: AI task horizons double every 7 months",research,67,true,"https://metr.org/blog/2025-03-19-measuring-ai-ability-to-complete-long-tasks/"
2025-03-25,2025-03-25-4o-image-ghibli,"GPT-4o image generation sets off the Ghibli craze",culture,58,true,"https://en.wikipedia.org/wiki/GPT-4o"
2025-03-25,2025-03-25-gemini25,"Gemini 2.5 Pro takes the lead",model,62,true,"https://en.wikipedia.org/wiki/Gemini_(language_model)"
2025-04-03,2025-04-03-ai2027,"'AI 2027' scenario goes viral",culture,52,true,"https://ai-2027.com/"
2025-04-05,2025-04-05-llama4-controversy,"Meta's Llama 4 launch stumbles into benchmark controversy",model,48,true,"https://en.wikipedia.org/wiki/Llama_(language_model)"
2025-04-15,2025-04-15-nvidia-h20-ban,"US blocks NVIDIA's H20 chip sales to China",policy,54,true,"https://en.wikipedia.org/wiki/Nvidia"
2025-04-16,2025-04-16-o3-o4-mini,"OpenAI releases o3 and o4-mini with agentic tool use",model,70,true,"https://openai.com/index/introducing-o3-and-o4-mini/"
2025-04-29,2025-04-29-qwen3,"Alibaba's Qwen3 tops open-weights leaderboards",model,49,true,"https://en.wikipedia.org/wiki/Qwen"
2025-05-13,2025-05-13-gulf-ai-deals,"US Gulf tour yields massive Saudi and UAE AI deals",business,54,true,"https://en.wikipedia.org/wiki/Humain"
2025-05-20,2025-05-20-veo3,"Google's Veo 3 generates video with synchronized audio",model,60,true,"https://en.wikipedia.org/wiki/Veo_(text-to-video_model)"
2025-05-22,2025-05-22-claude4,"Claude 4 ships with hours-long agency",model,68,true,"https://en.wikipedia.org/wiki/Claude_(language_model)"
2025-06-05,2025-06-05-cursor-9-9b,"Cursor maker Anysphere hits $9.9B valuation",business,48,true,"https://en.wikipedia.org/wiki/Cursor_(code_editor)"
2025-06-12,2025-06-12-meta-scale-ai,"Meta pays $14.3B for 49% of Scale AI, poaches Wang",business,60,true,"https://en.wikipedia.org/wiki/Scale_AI"
2025-07-09,2025-07-09-grok4,"xAI launches Grok 4 amid antisemitic-output scandal",model,56,true,"https://en.wikipedia.org/wiki/Grok_(chatbot)"
2025-07-09,2025-07-09-nvda-4t,"NVIDIA is the first $4 trillion company",business,68,true,"https://en.wikipedia.org/wiki/Nvidia"
2025-07-11,2025-07-11-kimi-k2,"Moonshot's Kimi K2 pushes open agentic models forward",model,48,true,"https://en.wikipedia.org/wiki/Moonshot_AI"
2025-07-14,2025-07-14-windsurf-breakup,"Windsurf torn apart: Google licenses, Cognition buys rest",business,45,true,"https://cognition.ai/blog/windsurf"
2025-07-16,2025-07-16-slok-bubble,"Apollo's Slok: 'AI bubble worse than 1999'",business,54,true,"https://fortune.com/2025/07/17/ai-bubble-vs-dot-com-stocks-apollo-economist-torsten-slok/"
2025-07-19,2025-07-19-imo-gold,"AI achieves IMO gold-medal performance",research,80,true,"https://en.wikipedia.org/wiki/International_Mathematical_Olympiad"
2025-07-23,2025-07-23-us-action-plan,"US releases 'Winning the AI Race' action plan",policy,58,true,"https://www.ai.gov/"
2025-08-05,2025-08-05-genie3,"DeepMind's Genie 3 generates playable 3D worlds",research,52,true,"https://deepmind.google/discover/blog/genie-3-a-new-frontier-for-world-models/"
2025-08-05,2025-08-05-gpt-oss,"OpenAI releases open-weight gpt-oss models",model,60,true,"https://en.wikipedia.org/wiki/GPT-OSS"
2025-08-07,2025-08-07-gpt5,"OpenAI launches GPT-5",model,78,true,"https://en.wikipedia.org/wiki/GPT-5"
2025-08-26,2025-08-26-nano-banana,"Google's 'Nano Banana' image editor goes viral",product,51,true,"https://en.wikipedia.org/wiki/Nano_Banana"
2025-09-02,2025-09-02-anthropic-183b,"Anthropic raises $13B at $183B valuation",business,66,true,"https://en.wikipedia.org/wiki/Anthropic"
2025-09-22,2025-09-22-nvda-openai-100b,"NVIDIA to invest up to $100B in OpenAI",business,74,true,"https://en.wikipedia.org/wiki/OpenAI"
2025-09-29,2025-09-29-sonnet45,"Claude Sonnet 4.5: 30-hour autonomous runs",model,60,true,"https://en.wikipedia.org/wiki/Claude_(language_model)"
2025-09-30,2025-09-30-sora2-app,"Sora 2 launches with a TikTok-style social app",product,60,true,"https://openai.com/index/sora-2/"
2025-10-06,2025-10-06-openai-devday-2025,"DevDay 2025: apps inside ChatGPT and AgentKit",product,51,true,"https://en.wikipedia.org/wiki/OpenAI"
2025-10-06,2025-10-06-chatgpt-800m,"ChatGPT reaches 800M weekly users",product,62,true,"https://en.wikipedia.org/wiki/ChatGPT"
2025-10-28,2025-10-28-openai-restructure,"OpenAI completes for-profit restructuring",business,72,true,"https://en.wikipedia.org/wiki/OpenAI"
2025-11-03,2025-11-03-aws-openai-38b,"OpenAI signs $38B compute deal with AWS",business,58,true,"https://en.wikipedia.org/wiki/Amazon_Web_Services"
2025-11-18,2025-11-18-anthropic-microsoft-nvidia,"Anthropic, Microsoft, and NVIDIA strike compute-and-equity pact",business,58,true,"https://en.wikipedia.org/wiki/Anthropic"
2025-11-18,2025-11-18-gemini3,"Google ships Gemini 3",model,74,true,"https://en.wikipedia.org/wiki/Gemini_(language_model)"
2025-11-24,2025-11-24-opus45,"Claude Opus 4.5 leads agentic coding",model,64,true,"https://en.wikipedia.org/wiki/Claude_(language_model)"
2026-07-08,2026-07-08-auto-lawsuit-man-used-grok-to,"Lawsuit: Man used Grok to make 7K sex images of stepdaughter, then shot himself",policy,61,false,"https://arstechnica.com/tech-policy/2026/07/lawsuit-grok-user-made-7k-child-sex-images-xai-only-reported-one-gang-rape-prompt/"
2026-07-09,2026-07-09-auto-meta-enters-the-crowded-ai,"Meta enters the crowded AI coding battle with Muse Spark 1.1",product,47,false,"https://techcrunch.com/2026/07/09/meta-enters-the-crowded-ai-coding-battle-with-muse-spark-1-1/"
2026-07-15,2026-07-15-auto-thinking-machines-amps-up-its,"Thinking Machines amps up its bet against one-size-fits-all AI with its first open model, ",model,60,false,"https://techcrunch.com/2026/07/15/thinking-machines-amps-up-its-bet-against-one-size-fits-all-ai-with-its-first-open-model-inkling/"
2026-07-15,2026-07-15-auto-xai-sues-a-man-for,"xAI sues a man for using Grok to generate CSAM deepfakes",product,57,false,"https://www.theverge.com/ai-artificial-intelligence/966293/xai-grok-user-lawsuit-csam"
2026-07-16,2026-07-16-auto-xai-can-t-deny-grok,"xAI can’t deny Grok makes CSAM anymore. So it’s suing users.",product,57,false,"https://arstechnica.com/tech-policy/2026/07/xai-cant-deny-grok-makes-csam-anymore-so-its-suing-users/"
2026-07-21,2026-07-21-auto-introducing-gemini-3-6-flash,"Introducing Gemini 3.6 Flash, 3.5 Flash-Lite, and 3.5 Flash Cyber",research,69,false,"https://deepmind.google/blog/introducing-gemini-36-flash-35-flash-lite-and-35-flash-cyber/"
2026-07-21,2026-07-21-auto-anthropic-s-landmark-1-5b,"Anthropic s landmark $1.5B copyright settlement is approved",product,49,false,"https://techcrunch.com/2026/07/20/anthropics-landmark-1-5b-copyright-settlement-is-approved/"
2026-07-22,2026-07-22-auto-arcee-a-us-open-source,"Arcee, a US open source AI lab, says Chinese models are not inherently dangerous",product,51,false,"https://techcrunch.com/2026/07/22/arcee-a-us-open-source-ai-lab-says-chinese-models-are-not-inherently-dangerous/"
2026-07-23,2026-07-23-auto-launching-health-in-chatgpt,"Launching Health in ChatGPT",model,51,false,"https://openai.com/index/health-in-chatgpt"